0.00137310954473249,0.00109474757646204,2.58793676782154,1.94209330615364,2.47145622219178
0.00144194533213629,0.00125863234557563,2.62044927456718,2.06096716153738,2.42368521797181
0.00085159001433985,0.000809485257161521,2.86069489653124,2.10191590105734,5.41830719538332
0.00131542410273863,0.00133484780407659,2.41138536656335,2.70762287196809,2.4941344775877
0.000783814462678017,0.000898803090160106,1.86925733104925,1.90466904883524,1.44163706111702
0.000950625414925455,0.000935073362523021,2.66550248336632,2.61107926739664,3.79674157094294
0.00124962925871759,0.000257647724444232,2.25234968868806,1.551545919675,2.96589492848747
0.000569793693482374,0.00103536420771397,1.84681831498604,2.70126520975915,3.35384977900986
0.000518905188219085,2.14664963308435e-05,2.08705509551138,1.15824217551883,7.44712962825927
0.0015673974071013,0.00115944267471027,2.46729860655655,1.97791308626354,1.34794229415915
0.00137723930395638,0.000696660963288256,2.10428313395497,1.85930602411954,0.752918991976649
0.000822416763186127,0.00145599628420391,1.94078105130125,2.52557111579902,1.55870494423458
0.00150355323432462,0.000636489089936144,2.19963902001416,1.81629461029612,0.96550876995648
0.00163042516316434,0.00148704474983605,2.46622607014041,2.24690322916705,0.981793467545501
0.00098169368971305,0.000955520880996129,2.75497576425467,2.44337853901238,4.10895950948475
3.4599660367736e-05,0.000640038521037457,1.41127807072019,2.24256698849203,6.51468728887658
0.000539169443816665,0.000719252848569335,1.74757424272334,1.81171650097711,2.75637432740822
0.000186513026770102,0.00101068170815146,1.63861234379027,2.47131495183347,3.97199229740333
0.000150160439232966,0.00106164117613772,1.60892427292657,2.37707556900976,3.94278389862784
0.000770896122840431,0.00151899366621157,1.94094677723762,2.34750443113935,0.84337000087706
0.000728802547836627,0.000519031626193857,1.80621164108277,1.71448299046784,2.80446986970561
0.00124697322160394,0.001171994982507,2.72681605050687,2.18938868862101,3.44107688535157
0.00107017973444694,0.00137273032872366,2.06105043189256,2.20755812880566,0.143717286112309
0.00145260337278901,0.00160674723757403,2.22567267771772,2.44116246642653,0.511622330076091
0.000891082527244611,0.00046172413764658,1.86419918997752,1.69142038918005,2.55479835058849
0.00116960677674389,0.00117726791774338,2.45341764827109,2.76434141199175,3.14421700484415
0.000810156629044974,0.000400470341583406,1.83332769841975,1.65073007444354,3.03533468754512
0.000853399552022958,0.000865305703549173,2.31679791009633,3.02687552122397,5.252708859387
0.0010565295116972,0.000226185257839441,1.95184272621771,1.54313936980154,3.2517896710793
0.00152033131916467,0.000667345867309496,2.22920060588118,1.82424509035743,0.966881940021945
0.000941352200446744,9.41885127327365e-05,2.18662327521478,1.37025352888158,4.71422726772773
0.00102976790860648,0.000166726078786307,1.97098307231423,1.48528466922468,3.71586474234912
0.00020570407099379,0.00108512818309265,1.62762898192635,2.06623926169448,3.29392395855608
0.00151054429726902,0.0013630362054297,2.27196080041971,2.18944035955545,0.114154633291681
0.00163721419112612,0.001475832765911,2.4270831908578,2.22977346002829,0.735381580354781
0.000223933765361473,0.000945145768202021,1.6189282591982,1.9757447923937,3.53830598429651
0.00140865898911301,0.00148469061034158,2.28844855934747,2.70769002570289,2.08803517344021
0.000900701394495452,0.000138826856094067,1.92874135525577,1.44523871144083,4.28323342787756
0.00124535360891201,0.00115628333996819,2.72486215043192,2.13384527370757,3.47046407087505
0.000117904053915234,0.00105051635782544,1.57047712576712,2.24862462321553,4.10125900228913
0.00133676299278263,0.000570481796529871,2.38517883747801,1.71243617310804,2.20452584374582
0.00055420344296093,0.00113309112418392,1.83581552394258,2.6356157152036,2.95076638396633
0.000916266614056943,0.000878002200317924,2.84478586517393,2.18888529999499,5.05715411019496
8.82373124523893e-05,0.00092387261350839,1.53316115842719,2.31737452500757,4.77972184073168
0.00118349524736758,0.00126720673251174,2.19626421339481,2.85336031018581,3.26043531859169
0.00103041291770921,0.00103549461087254,2.45315791277716,2.85176332767059,3.90204764270542
0.00133324882590574,0.00144640641489995,2.17569220553961,2.26786064247111,0.057317342555939
0.00105399531309199,0.000427683574538713,2.45039663803916,1.61443620075317,3.36487120637568
0.00153062963462141,0.000794200698435121,2.33709962529305,1.84615233986017,1.1747881215718
0.00151845078046944,0.00157484768234371,2.33312666526674,2.54111694172148,1.16387795619074
0.00155830056672046,0.00118202769272206,2.29366978103532,2.06816068603102,0.274047498213142
0.00116530878681904,0.00114265894578801,2.61405952678878,2.54343495555233,2.93904066810195
0.0015821335843277,0.00150847995281111,2.46672671869696,2.35054665728268,1.12438398352322
0.00109249898633849,0.000598789003825786,1.95212359787995,1.78354233777078,1.53911432665869
0.00126300708334603,0.00119494634814263,2.71676354911742,2.23499859176131,3.30742200594713
0.00116605771231201,0.000389956455238453,2.382748894216,1.60780565737549,3.00005382583545
0.00109259383780329,0.000337176716071649,1.94411765265417,1.62945586213822,2.57444328122733
0.00151647489359786,0.00157005083898903,2.33752250093154,2.54479988863799,1.19644787290549
0.000780604508444196,0.00073670673302099,2.8721167989623,2.03627138842275,5.75977536346235
0.00105759796191554,0.00155392636183453,2.04683977479218,2.38140767263761,0.499544081941849
0.00119968198685422,0.000279029310034471,2.29917642749443,1.55429667639055,3.0888583418672
0.00151172989092201,0.00144264913432336,2.53797467106028,2.36207912285395,1.65920550154757
0.00112032210557805,0.000244712083622946,2.31109876398679,1.52094901559905,3.44766095846627
0.000510718438102233,0.000515570823838951,2.25229642930495,3.20157721556395,7.49236574175291
0.000595771297698474,0.000998601499022003,1.86233009118588,2.73748577421923,3.53040781332452
0.00128732404461812,0.000475123829262439,2.02887866973766,1.73195260742904,1.57329786362476
0.00121269687650628,0.000983794795979767,2.64049510095477,1.90402319061927,3.17039985145437
0.00163872217625313,0.00133749542439649,2.44314788465448,2.09451796789822,0.908639767219571
0.000999761649330201,0.000965496429273723,1.97254719433129,1.96399765187651,0.711334769650763
0.00119112309218757,0.00116177483143122,2.63563136510457,2.49319790999298,2.93208295785603
0.00069771935281802,0.00135566276630368,1.89259862420016,2.55646002837591,2.02528050990702
0.000769034505241532,0.000835106259671387,2.08018811284725,3.00692515515202,5.12416411488837
0.00124231279397568,0.00139402126015921,2.14905846952751,2.77116692188475,2.54826966347549
0.000742059823681579,0.00115646571402363,1.8945054220213,2.03245847095011,0.948916196814101
0.00156213930874849,0.000984880598272558,2.38844027500907,1.91781414797378,1.09129477723214
0.000909808782420357,0.000641197783180663,2.63748784909154,1.73330379088528,4.12482150732613
0.00100518760507125,0.00113602386801714,2.08664719334818,2.87289855173522,3.62240503027538
0.000888375663658541,0.000222325411813079,1.88231001733486,1.52812093030352,3.7198698332304
0.000907646218737588,0.00120245629271382,1.98712079127323,2.75813877815031,2.93006197298221
0.00130012924328153,0.000827544248995744,2.50901781279605,1.80890810124781,2.42117522989497
5.74395180762799e-05,0.000785096347010158,1.47672362888783,2.30302595067541,5.5866894287935
4.0342332471822e-05,0.000686097323721204,1.42944033615285,2.24305085041087,6.21051997278541
0.00116950216655058,0.0015892639084754,2.07907429400596,2.46276046098795,0.708594034782303
0.00146758274172049,0.000460177470157336,2.22043438450932,1.70869449724469,1.64400481770218
0.0012487807606738,0.00131670993152748,2.24593754781907,2.82910945122074,3.04395180370007
0.0015128105617268,0.00154578141099465,2.36757827890065,2.53805364316196,1.27052131060109
0.00128459124383005,0.00039680377164268,2.33080621315273,1.62936192483178,2.56776208912215
0.000754504477431646,0.000764276657713754,2.29674779257476,3.07756257601597,5.84253619537663
0.000532995628923121,0.00125587219152424,1.81806964329075,2.07449932457518,1.41333291296687
0.00155849146194162,0.0015740866586633,2.33634052176195,2.40985623229282,0.641726841370712
0.000896696598801023,0.00119319008986872,1.96822330338173,2.07445228071704,0.50588411418723
0.00014118985268168,0.00106186381314553,1.58311157391422,2.1390463700786,3.82453604164732
0.00164463377276835,0.00144847469240537,2.44785642581637,2.19097675887879,0.853738245497526
0.000787439788050395,0.00150581477714518,1.95014944306724,2.31057205306491,0.704568674673372
0.00141262455987861,0.00161918021660061,2.18965771543519,2.55965770420022,1.03989773974872
0.000724176589540222,0.00106117840520898,1.91793527073951,2.76345872942258,3.36470726422549
0.000849198458644984,0.00106288137205301,1.99100210846427,2.83481630465627,3.61087904848479
0.00108520259566677,0.00112077524015516,2.27242222782338,2.92161459935823,3.9885637255646
0.00082044637849915,0.00135444181784753,1.93642447357035,2.60844915629238,2.07165973936374
8.84005858298059e-05,0.00081388331562316,1.49910977301689,2.05808060941982,5.02012274894221
0.00157700452716941,0.00154063169837807,2.34533728498501,2.338923238951,0.489394142798223
0.000984489015200233,0.000867331513286003,2.75092821370082,1.92496177948396,4.40705263434774
0.000930264892976853,0.0010687512433992,2.05650712320842,2.88499585565259,3.83980640042902
0.000257447716853796,0.00126064876196014,1.68491858569123,2.15539680128881,2.61588123020654
0.000255979388048896,0.00102638478716913,1.648623341121,2.00131048884187,3.13869230471804
0.00027553235469266,0.00130157216601621,1.70143116339642,2.18280442543481,2.45390466400447
5.52965518544139e-05,0.00078618129862692,1.46883373642991,2.25238042558068,5.59188821076433
0.00149578893132254,0.000539618456072007,2.23125653255828,1.75290111352575,1.37603225073759
0.000223300421437358,0.00119772932834345,1.67160104153326,2.3803588215386,3.19765756358503
0.00101305083480023,0.000144332708531859,1.98226583969714,1.45944385552168,3.93328046366096
0.000853179135434713,0.00109616283759672,1.98246291954344,2.81001917943851,3.41743489401715
0.0012926947100339,0.00143395917948619,2.17366134458647,2.75526465786907,2.39057260884114
0.000689995616585729,0.0003261301791212,1.79008742672509,1.59811564272559,3.7441201148387
0.000956624988560877,0.000261615781488925,1.90022384196496,1.56481696520748,3.30319254190642
0.000577155675790438,0.000544102860872229,1.74873699912662,1.7253272777153,3.20745708006456
4.56412800256298e-05,0.000703108126129379,1.44907541785411,2.32065389198374,6.07752604269715
0.00113229903970112,0.000187720926259678,2.24648185345871,1.48507931010117,3.58811246440113
0.00145130825703615,0.000786602913162369,2.16659460687726,1.90158658667484,0.549346698760654
0.000145268945048716,0.00112280206708071,1.59966988606993,2.22675108701169,3.68283453473573
0.000222704897750059,0.000683813885512227,1.58699440330036,1.84685033781848,4.33038465553395
0.00068412937706513,0.00101088725274993,1.84530357712811,1.9513545145985,1.45203351663618
0.000632354648311467,0.00134340593113243,1.86859327083582,2.53776459923471,2.08568389816212
0.000544781347934525,0.00146109645315092,1.84645858080536,2.37867207973892,1.54291521889533
0.00159245594773619,0.00149984833240688,2.48211168181748,2.31885030430651,1.16674912033852
0.000954965943427935,0.00093149187197121,2.74838994999646,2.47606916115394,4.13355302173556
0.000733736016131084,0.0014841444352079,1.93020392740133,2.27641434555744,0.743090998202978
0.00153488969168353,0.00156659370375309,2.29886585324883,2.3780179419135,0.436838911203694
0.00111651407502518,0.00108046452552282,2.72489905703527,2.39400927580769,3.60284470163544
0.00121441244234361,0.00121509170068784,2.4899545351965,2.68615449281593,2.77926516985004
0.00102527482966808,0.0010535316807781,2.28007644988851,2.95094573841716,4.31462373383745
0.001377624803045,0.000885692487124323,2.48966774203564,1.83854558867742,2.10660229290163
0.00145342578694808,0.00136744792793073,2.61868711526643,2.28121375065912,2.25401142806437
0.00152736451954619,0.000692062282224201,2.24380977303616,1.83237653142637,0.953426665187914
0.00140654333185146,0.000620673501269602,2.36701351239752,1.74551961662003,1.88802511289859
0.000449811567288435,0.000854965360426972,1.72379647448009,1.87841621934659,2.69463784792806
0.00139251885736298,0.00136983980298298,2.51476207514114,2.510065095663,1.96260458058104
0.000523013850574055,2.19076316512224e-05,2.04871988687644,1.1638988190284,7.40188359946575
0.00146482735707793,0.00162379056557429,2.22954831068849,2.52533122649867,0.877736956289336
0.000691177994976677,0.00114377917900086,1.8701370760711,2.02011670981796,1.12287733675798
0.00155227441618066,0.000920304982962935,2.3696076014113,1.89417809082473,1.0960724573917
0.00161412586931118,0.00151549386806014,2.43643826400083,2.30532677413606,0.859909087506511
0.00112463336756429,0.000169502924899431,2.02522187566426,1.49411413744383,3.47086002279065
0.00136832513612397,0.000336087773758499,2.09623916696195,1.6457108395609,2.04917734856112
0.00058227495606261,0.00145286620147201,1.85906236469409,2.41587179119712,1.58261562842427
0.000665921996253048,3.77050105499141e-05,2.03334859442749,1.24145191725245,6.35184281868356
0.000888973841849266,0.000918520275283896,1.91617053665727,1.92544436310998,1.0963016475198
0.000906675810012618,0.000918912486583204,2.33546861171818,2.99598152644072,4.93338527190524
0.000709919079463403,0.00073001528780357,2.1977546029215,3.09440434056302,6.00856496732253
0.00134788114022308,0.00161857670091222,2.15495140789311,2.50085331906305,0.757020143841165
0.00135780606609749,0.00128457582109649,2.66848264520029,2.27458207946348,2.76706672170014
0.000972807406415268,0.00130554379360401,2.00151871387563,2.71269656754119,2.4886528533031
0.00155814022541405,0.00153140421566327,2.31965433613848,2.32625495272993,0.376430299632434
0.00150997959890049,0.00148875353810757,2.45191759155196,2.46612999710089,1.37218111376392
0.00142789100897333,0.00116076843007737,2.5817918868215,1.97660594159747,2.28563431599967
0.000773719152583905,5.22546005181143e-05,2.12669297977213,1.2838823662537,5.72166311212366
0.0014484908945155,0.00151085099449041,2.23521489370783,2.31547360624398,0.170314093607672
0.00135510942543468,0.000860518517488064,2.12134191563385,1.94186226997171,0.413717857639533
0.00102325938892971,0.000583849098956271,1.92259339730091,1.76882068181273,1.75764408958054
0.00158830328619577,0.00144351011437408,2.54473314903101,2.21361688515809,1.55218219263788
0.000812383875702167,0.000367924929420827,1.83472316383192,1.63057779885479,3.17279325606707
0.0011553074143519,0.00109621891175172,2.76018307077699,2.20946910137752,3.85725707509021
0.000626431664695198,0.00149601086281268,1.88365021830517,2.34366927890726,1.17496888840729
0.00067685439888537,0.00147922434967209,1.90726177149616,2.26966366996309,0.863205062505995
0.00123313431002861,0.00146221520770756,2.12935261668232,2.28071330527823,0.0996927089625054
0.000956342726780481,0.000930517527748055,2.77234093963011,2.42870879735781,4.28963548029565
0.00102448502203721,0.00156352498189111,2.02723390763544,2.42879317569517,0.726391989858875
0.000694825418881638,0.000659721042568226,2.90356005990641,2.03537939577631,6.27087472558371
0.00150318731446365,0.00158139093273549,2.307360779543,2.5735429322888,1.26099883669522
0.000513276140680239,0.000977708676956493,1.76743136269443,1.93124464694467,2.11869320404128
0.000806088918231014,7.11380862884941e-05,2.21182907833986,1.31616877952863,5.4092855271353
0.00144291473246564,0.00161863116451201,2.21540655113488,2.47234518881519,0.626692394214053
0.00159976265864721,0.00112765857603373,2.4025776294441,1.98476650792265,0.928149041043421
5.67897148683556e-05,0.000742695868852814,1.47664245505979,2.36336081125195,5.77693695347657
0.00113028404009164,0.00015227254151154,2.18406879392592,1.45990297324065,3.7252883330477
0.00152249368289815,0.0015058792555806,2.43631856469897,2.46545642175652,1.28038047453619
0.00065972914776753,0.000638263276507372,2.93587200432757,2.18169882683166,6.52333228397229
0.00117016386628183,0.000423506511502136,2.39783989546382,1.6245915353351,2.94455613253649
0.0016058982470419,0.00150756769511461,2.46445486762205,2.30921893714182,1.03576008201427
0.0010294622132071,0.00114488310042993,2.10774464156025,2.88080107452087,3.64884485056731
0.000245024913498744,0.00111817668460925,1.65553943280353,2.05807120556977,2.97724805072906
0.00152976111743534,0.00145585298358877,2.52967800189837,2.35191981477205,1.5726902247991
0.0012922219949761,0.00137366257520915,2.23800776070187,2.79824706827178,2.7588487998886
0.000715441040564332,0.000742665087028809,1.82076771576036,1.82532064745781,2.09721349894768
0.000209481167304055,0.00119964733307226,1.64845008956909,2.15188712659395,3.02301451022142
0.00157250657850662,0.00144690368686276,2.551442646353,2.2417475765269,1.61429872349492
0.000127433922353923,0.000895315307409645,1.58226956399317,2.46109779019561,4.64647836131757
0.00135392826302879,0.000833369370965319,2.48173343860868,1.81547638601654,2.17325508152966
0.00145464877720869,0.00151389149168432,2.32971967690576,2.64588620919884,1.75689432957358
0.0015812236257467,0.00126775510453138,2.50389575306439,2.03315878092324,1.45318327310776
0.00150928060587763,0.0016122904134207,2.27478277628642,2.49214580496734,0.786452416203219
0.00145941711373229,0.000957429656367878,2.19828799439293,1.98210716667841,0.292539883611821
0.000619027359747265,0.000628846118843388,2.23760747797611,3.14479438800793,6.68036734994894
0.000249056786482904,0.00113681460372961,1.66059074001102,2.06701284539894,2.91143291069177
0.000913591283684341,0.00143185337895331,2.00061150829107,2.23617493569346,0.358338170700697
0.0014152123627473,0.00157574735593061,2.20709091192886,2.64271278363728,1.54304262584672
0.00158745453767539,0.00147164791158581,2.52357610257497,2.27205626117071,1.40898184480374
0.00114631101678228,0.000249395972554074,2.30238235237576,1.52794545684689,3.34673649320146
0.00161120137622007,0.00142044362624677,2.52542000891822,2.15995379665105,1.41451119878338
0.00140226476636903,0.00143808324488978,2.37116942514359,2.67288661893293,2.07748941165038
0.00163609158617368,0.00132487993270046,2.40092059592079,2.10358694572966,0.654267190506261
0.00135567389894534,0.00135651959647189,2.46673248081147,2.60621829915999,2.1285553878349
0.000426630676782388,0.000959520942587037,1.72617487338262,1.92826788187843,2.50376792819116
0.00154724946604148,0.000978490864807802,2.27036699243659,1.96923258243462,0.452739051640839
0.000773384331754307,7.1490015935008e-05,1.95557241038579,1.33557549228409,5.38398548760826
0.00140572549055208,0.000870380364335125,2.15159971360163,1.94556888677656,0.387717689928286
0.00105799146464363,0.00142686591183477,2.0257389155233,2.65472184628921,1.95490328532639
0.000118303766508155,0.000886822082172038,1.53703710302299,2.04523599028138,4.48751502063735
0.000734957703652279,0.00122987129873432,1.90672487342636,2.65693750004578,2.58649990152939
0.00129169673377306,0.000564467525440506,2.40527223616188,1.70270807806714,2.38619299622416
0.00123555295771987,0.000871262181281531,2.56516007545694,1.82890439644177,2.79321799340645
0.00108519269899678,0.0011044109758045,2.35243812509557,2.89916460727884,3.93306012964876
0.000248393733411464,0.00128681163279292,1.69120639707724,2.31475154973481,2.77817369736477
0.000842676202801891,0.000785491419449041,2.84084860112657,2.00731331432708,5.36654615043877
0.000673457241283368,0.000899936818209947,1.82424295748292,1.89743271323409,1.77583359998089
0.00152723980882315,0.00160195864114528,2.30059742128729,2.48379474900607,0.807538880861048
0.000138092102136078,0.000732674957698811,1.53148192337449,1.92831461810436,4.7898069138152
0.00137400188674189,0.00130579488072201,2.64886929128911,2.31062985181998,2.59289918647011
0.00152676889657088,0.00140857469713886,2.58952392352907,2.22895870407973,1.9470666180781
0.00138194984960013,0.00136082183167966,2.5154866250584,2.51830495194956,2.00393369303052
0.000910693136572286,0.000889969025389283,2.7510297051047,2.50369786814847,4.26942337154942
0.00164015025334304,0.00134021662255679,2.43709466743838,2.09874057718687,0.865179524479767
0.00101376455806483,0.000961562210702054,2.809983323609,2.15042550861435,4.5851284600652
0.000527807212622187,0.000510650454040001,2.98352769881389,2.11769125315231,7.45543265375774
0.000891873193268597,0.000766496564915646,2.75114139596631,1.86421914915793,4.70372045377276
0.000903432472219365,0.000114728773142339,1.95529721219466,1.41478941813184,4.49252085039974
0.000991460707678522,0.000172087329904636,1.94810593710084,1.48814840160632,3.77504618254788
0.000806229688990686,0.000772212483373597,2.88101262770217,2.13919772967264,5.67185942243611
0.00100455161590246,0.000935866889499348,1.96905166023681,1.94906340975824,0.76960837041572
0.000889698025237725,0.00028167734155069,2.43843043587349,1.51770333908438,4.16839595515976
0.000457093712334935,0.00126562353548537,1.7967772594253,2.51003353818101,2.50859263669948
0.00129715772725036,0.00121202150893126,2.70719444692365,2.1807542426333,3.20762904112663
0.00158393685620668,0.00151021600172646,2.46395710238848,2.34986661644886,1.10538991357805
0.000265631689588024,0.00088087683458847,1.69294670021948,2.61730003743058,4.19935536384349
0.00100497360643077,0.000216352853686091,1.93266960057239,1.53089726667346,3.44247328263056
0.000886584849750688,0.0010981898163444,2.00403444422456,2.82878360754725,3.4914977797614
0.00118658694357267,0.00121055808185073,2.36171395906995,2.83719765658933,3.36374233337797
0.0011032697622852,0.00154867293549453,2.04295245122576,2.54465297415766,1.20684694093591
0.00127488624369089,0.00147599347562908,2.13473938362989,2.70952138311677,2.06746137114673
0.00143920364336689,0.00155356779692409,2.25053538540188,2.66121189948872,1.69722354955189
0.00156509208308586,0.00141024403819497,2.31476164258189,2.20812443320219,0.232700848930832
0.00090846334787073,0.00067095308059251,2.65821731820673,1.75538470669282,4.20551819839925
0.00142926263822176,0.00152141179406163,2.27193776087088,2.6842912414138,1.88802444441958
0.000995162004170962,0.00111875029413066,2.0892888319596,2.88269308683216,3.71469356468407
0.00150759972371688,0.00140741338465812,2.591473066896,2.26643486988063,1.981963465792
0.00157647246802352,0.00118842648933715,2.31087545885334,2.06374448549582,0.334992845625824
0.00103381137563563,0.00145177672974592,2.01451324554469,2.62164408279677,1.77405633378184
0.00098428324192168,0.000945893343583732,2.81728799527791,2.2475558719056,4.63692914217973
0.00133378619420354,0.000655824365146904,2.42148262602721,1.74493769968366,2.19419091642646
0.00156054120436074,0.00156515364241103,2.36793279989568,2.43488915964369,0.841439640387583
0.000929138365240941,0.00132008278484113,1.99929899474596,2.15692184762617,0.324958626564317
0.000979867455455398,0.00102584304699036,2.20029574396667,2.96519040008656,4.43029892468306
0.00140603827081268,0.00144293400329959,2.36895608359506,2.67117867278852,2.05739394301703
0.000884581051203705,0.000676899464596486,1.87872222378059,1.80454454563509,1.81038938558386
0.000851187285201724,0.000948168130601625,2.06691040056013,2.94780494533814,4.48001060163281
0.000288264676807972,0.001098353192033,1.67642221825488,2.02562736984224,2.78852674977105
0.000628410626035633,0.00032416535344049,1.76592182721466,1.59548016389225,3.95779021511086
0.000732884731647857,0.00151022263255001,1.92070733523073,2.40133838202947,1.12524052226425
0.0007314298383828,0.000970077011591831,1.94264100570101,2.83564767415243,3.8798674947014
0.00137114528458437,0.00152362271281198,2.19049327812814,2.33212238364287,0.170477714054523
0.000537909821000137,0.000548249528851635,1.73294923432293,1.7281552666344,3.33251090567056
0.00154770551176404,0.00092126615429743,2.37658790837785,1.89155502067872,1.14164705700728
0.000380047155081876,0.000575357953895446,1.66435039623898,1.75323837598229,3.87212997997286
0.00104729159670009,0.000725860007016788,1.95061015478717,1.84556490442231,1.23912262120939
0.000159246792280481,0.000989101454283453,1.61532383323909,2.44928885583954,4.15767102412009
0.000288088487487621,0.00129172594273124,1.71617616670299,2.371663507399,2.68268358567123
0.00139534806904205,0.00111973899824024,2.18417841610621,2.06860374609861,0.0906084754876957
0.000842376401078042,0.000807840301643912,2.86998468551159,2.16516599804046,5.4645861612916
0.00133883674633075,0.000489001260946457,2.3483999232861,1.67994850998801,2.25403743429699
0.00128923659292251,0.00100967354160578,2.60138741872388,1.9020935409945,2.7725942742057
0.0013565900303219,0.000587760376332322,2.38189706303854,1.72277699250065,2.11559711136624
0.00149851346047178,0.00151318572733636,2.26826220163074,2.31291241631574,0.219559330100259
0.00105248278714767,0.000648477732321371,1.94174407726179,1.80584234774769,1.46911816400973
0.00103511325395102,0.0015103002649986,2.0158635906705,2.56264731035353,1.40567948020544
0.00158093395395085,0.00102563121504424,2.32072714895873,1.97064417405617,0.602318521501976
0.00117190516430195,0.000305313182290268,2.33121153800743,1.56453542897758,3.1249891143548
0.000265163950064187,0.0012828424992158,1.70208663059931,2.35161358545986,2.76597227535194
0.000725813978055558,0.000177823739186025,1.83035811279198,1.47732682043408,4.5102792004142
0.00125977244262164,0.00122593751030813,2.61689174536423,2.47150617792631,2.66729203781342
0.000767435359389268,0.000835668386212534,2.07593690443701,3.00433340971148,5.10636742945364
0.0010453578549409,0.00102905687891988,2.62848456161364,2.60340583273494,3.38187609153219
0.000914623130558996,0.00090649300377092,2.60266639526325,2.72841313816374,3.94597745151872
0.000967239750215535,0.00035135458993251,2.4474457710325,1.5664814668925,3.76705705176416
0.000964574023924396,0.00133341292064199,2.01523515165157,2.17018442357799,0.267320165345537
0.000774338894516309,6.09379421727892e-05,2.19270483725151,1.29547957813549,5.63436092210169
0.00149761074071061,0.00155678216211951,2.33287910619912,2.58234081321239,1.38160521222495
0.000499089452121792,0.00133878412341624,1.81533363307812,2.13045714450919,1.39943979381017
0.00142938787421738,0.00093192620774769,2.47720871736859,1.86256549906838,1.89138163878294
0.00151467157175879,0.00138002657837665,2.60291891010544,2.18278208124192,2.08102862866258
0.00150635791192478,0.00146896272970265,2.27365927030551,2.27035748853682,0.167100842124128
0.000940089195878306,0.000926436518612565,2.65133697862791,2.63914936609041,3.81343247165468
0.0011259578791809,0.000389381111257222,1.95472139605154,1.66623326414864,2.25965638416473
0.00111990946336584,0.00108559159437312,2.71192692047334,2.4175187928281,3.50838315233437
0.00155021385837786,0.000813784168783655,2.30023162193627,1.87244536650325,0.912011136802819
0.000862266264160304,0.000834411373791922,2.85485187773347,2.28339602167537,5.20351865782048
0.00101796060229392,0.000541161980575705,2.5223512148093,1.66893603278062,3.47875533646837
5.89682161616579e-05,0.000790974602488506,1.46794562035268,2.17458133734929,5.49521244708602
0.00111500321356038,0.00155264907287373,2.04751731549603,2.54456313019446,1.19143814456052
0.00139324987235567,0.000339528252635762,2.21076710756422,1.62997682627554,2.20857557189397
0.0013830722444564,0.00135869054368247,2.52333833597688,2.50683962100094,2.01167712189044
0.00143941779508356,0.000981149667075105,2.49126588972968,1.88323802433387,1.89601293883151
0.00138005909027082,0.000311970171616417,2.18918375585929,1.61466495216054,2.30172275331682
0.00127004615092777,0.00127790414745146,2.45469524202292,2.69146541140435,2.60250302816776
0.00078410102323761,0.00117493798432516,1.91603373333823,2.04805037271836,0.800023094466903
0.00117076471208769,0.000924490497684615,2.63490021678709,1.8713825640929,3.26632936407322
0.000985833938413642,0.000981100225133385,2.55259289746047,2.75438711155767,3.72498482688847
0.00107575646959647,0.0014373779250751,2.06468260234782,2.25476367758098,0.17724462184854
0.00156387188503142,0.00151634687572685,2.44769533699124,2.3951253235365,1.11561013797712
0.000879646276040695,0.000819455779768539,2.83085822229187,2.01776858462169,5.18226835850569
0.000904788660190417,0.000916489990787809,2.33963312643408,2.99544881045224,4.93830111469136
0.00104951434265685,0.000443952287339185,1.92382336109604,1.6930966697588,2.21422356581429
0.00130407084723265,0.000577895349333817,2.04609103712175,1.79196789054905,1.18278137832838
0.000839334495005445,0.000906017638089109,2.10477634853296,2.98760023182993,4.82564368229415
0.000270985113653835,0.00131844566722412,1.70662194071565,2.3047152301185,2.58841730076525
0.00127711553058718,0.00112278730930474,2.67781487414409,2.01322332781756,3.1728549188979
0.000935964281548307,9.64108148407833e-05,2.19904049688507,1.37138619391449,4.72031584461971
0.000268709325553443,0.00116672441371581,1.67592556869498,2.07432913104454,2.73545789677123
0.00118034436698293,0.00112403565635736,2.74679063918538,2.24695886472414,3.68251691515736
0.00119028955353582,0.00150404868831627,2.07813770932925,2.64259858905704,1.70048283487098
0.000653442411444658,0.00149192015792124,1.89041666429967,2.39242088805481,1.28157409307827
0.00116981130192813,0.00113280069995776,2.69128395264556,2.4166868373825,3.26823977242881
0.000714066299755276,0.000866498617151672,1.83609951244004,1.8838941215395,1.74036505718353
0.00061423605530878,0.00149327687303042,1.87969595376225,2.32600460252089,1.15481429753512
0.0016168623208303,0.0011927761934489,2.38621063025625,2.02837263881752,0.722389128410874
0.00156255166401981,0.00154292716283624,2.40477975129388,2.42429616978692,0.971311295656445
0.00144455924360559,0.00126877124957632,2.6231972264394,2.07188300634135,2.42772836268677
0.00157621054892786,0.00139841297063643,2.32328531102572,2.19527291389923,0.258826780661122
0.00110239604112977,0.000450105074398321,1.94503738574103,1.70124595123026,2.06210438601174
0.00136167987537513,0.00129597705880269,2.65260402507977,2.3162499722969,2.63960055393562
0.000918686148326171,0.00151091264503733,2.00038005436485,2.31744142526436,0.492339012772313
0.00106104487602863,0.00130962273658042,2.05305938009612,2.16571283207869,0.152807914556274
0.00122293315778443,0.000476149160623942,1.99778823315578,1.72726242699428,1.69324726940123
0.000940819203847362,0.000929885632875003,2.62385090410422,2.67955305902811,3.79941132017367
0.00151334219319404,0.00123073371494655,2.54923863281676,2.01091194352987,1.88252790426606
0.00100420368607163,0.000996920276499768,2.57228905703482,2.71368250303302,3.57831797144646
0.000690569406979615,0.000695524148309319,2.33135208637939,3.10156191994183,6.22201282450902
0.000935323462188696,0.000304789650259703,1.88528335112219,1.59544430147948,3.13166210919218
0.00136422863361746,0.000761215183610336,2.10807683408287,1.89216769624455,0.608770204047234
0.000946086308402694,0.000912377582279888,1.93935495008048,1.92929161416258,0.965849618214025
0.00085477041980582,0.000822358637447398,2.86584488255644,2.20266680832177,5.36915896588074
0.00155765709206117,0.0012545589504077,2.29796623210001,2.10883567819347,0.227360419920557
0.000564583353410384,0.000572827898803692,2.23016694912931,3.17176917556311,7.05720307265902
0.0015010211083671,0.000596137924912817,2.27179845535024,1.77026107281923,1.36544374059248
0.0011329386990484,0.00109287480923452,2.73376646464555,2.35843163044046,3.63569717960404
0.00140575908332112,0.00105326849412762,2.54532255057377,1.91445634452246,2.19504795549535
0.00129268782181661,0.00076523850804158,2.07041887951876,1.89116930492653,0.666847445516005
0.000238207218526807,0.000921796375313675,1.62443961998876,1.95678980414589,3.51665567551747
0.00121292601865072,0.000659888623199068,2.48292896127882,1.73280688035218,2.69626544352232
0.000972470491867478,0.00152865172954649,1.99741196963475,2.50699240991168,1.18446070321536
0.00134621098695164,0.00036085254313158,2.27341904952942,1.62530999438412,2.39096849922892
0.00138130082913093,0.000506893699511459,2.33261639582329,1.69619265986921,2.06603262098387
0.00161126656650945,0.00149622390906569,2.48056419763973,2.28354509613142,1.10823406077284
0.000804267846438099,0.000613036303749002,1.8414536006788,1.76673832672178,2.24717612803603
0.00105223376370702,0.000307003184671758,1.93103906071943,1.60542521948061,2.81922654073203
0.000857792829121504,6.95352841872073e-05,2.15422143439408,1.3253243977176,5.21565730391283
0.0013727327518849,0.000888054322121671,2.49351353287976,1.83903944991993,2.13320503192553
0.000884571120218969,0.0015283529987888,1.97091506054834,2.45788854169459,1.07833113809059
0.000555616607847028,0.00147639768058714,1.85580385670667,2.29135621815961,1.24141079811959
0.000297515322493268,0.00134768521419642,1.72106740476005,2.23319556305637,2.30391884342785
0.000512006858887061,0.000947657834538154,1.76282835920642,1.91735605584896,2.20211952033548
0.00135713872856419,0.00149211824748727,2.1857048146614,2.30387219053037,0.113390721876637
0.00140286685243307,0.00160828298618489,2.19321136354828,2.44454046703236,0.507322040439857
0.000690465335160855,0.00142988512103412,1.91059574184783,2.21203125992064,0.772026340857556
0.000511007965162776,0.00144902211902609,1.83188705452833,2.37478483352493,1.64148593003505
0.00106729086473158,0.000940816586145458,2.73251921186384,1.95103483018064,4.05742863577962
0.00153423513719516,0.00144324888217538,2.55412533194268,2.30751109859199,1.69505324951919
0.000396304585698612,0.00118564954134214,1.76689647007031,2.52751363643434,2.87505253988468
0.00101172840325503,0.000852962283611024,1.95686756098779,1.90691066089477,0.96227236788955
0.00112578890914175,0.00127079080396724,2.11516393546492,2.82283462812269,3.06679320411492
0.00121281931999604,0.000190976411548364,2.18846861737033,1.50460233941957,3.28255583434287
0.00106278733591978,0.00103745878332794,2.68781405496244,2.50167430878693,3.51498345288261
0.000116060835974348,0.000928056153545823,1.57049296270027,2.41362424676703,4.5927344500615
0.0016078065340652,0.00135179632549129,2.51038152594483,2.09156475780329,1.37976793954948
0.000826409158815304,0.00151099395141843,1.94925153748586,2.45887133562686,1.19203326836848
3.06778396410945e-05,0.000590517391406041,1.38862119466119,2.17194229882609,6.80413322889863
0.00160169881324627,0.00118492895158049,2.34243830798043,2.04598609235387,0.485059993374723
0.00134377983399736,0.00111051243253608,2.15674483976537,2.06671999743283,0.0896526032575136
0.000831520621961734,0.000767141053942501,2.83155133198048,1.9709862936644,5.35671487992057
0.00117845093841008,0.000910683212263614,2.62152987536722,1.85956678662052,3.18471263194115
0.00159305228179552,0.00145973939459098,2.53249093721665,2.23923221401986,1.45793706578648
0.00108253692264246,0.000154845303404638,2.01350980308855,1.47575703768782,3.67908646798879
0.00126568356314245,0.00127250385715335,2.45910330981228,2.68913701325678,2.61142055700744
0.000590357837458157,0.00103734063713451,1.85621272168251,2.710315532628,3.35301958526879
3.94108776986692e-05,0.000643694367868865,1.41232386017291,2.1376055891549,6.3753180925175
0.00129701941410053,0.00103261842034022,2.12206388995918,2.02733211814968,0.180482603120455
0.00150871792144296,0.00153411558647401,2.38019516745454,2.53571561086082,1.31036798013243
0.00132226213488816,0.00144947219859182,2.19533854721191,2.7500765706667,2.33834896655226
0.00117170349496999,0.000291962925325329,2.32230066177752,1.55704866450694,3.15477917413548
0.00148407243578422,0.00114013610681847,2.2367578446251,2.06709338671107,0.147520284607658
0.000916677959935942,0.00146587364228102,1.97276319133917,2.55672315054855,1.56246556455619
0.000532631732349697,2.28042158630788e-05,2.04599205878694,1.16953070342708,7.32475519098578
0.000357205647985739,0.00113820979048699,1.71755344278735,2.02613721172198,2.36196963460687
0.00155943934064792,0.000943380982734944,2.28585677163494,1.94457011945554,0.576346629118349
0.000889117883537218,0.000108393854923188,2.26013195033295,1.3757386724968,4.81424728514486
0.00116349061771275,0.0011391922714611,2.62374624528634,2.53043133349483,2.97185806577824
0.00149842697811199,0.000936943068725251,2.43132365774977,1.87760569832514,1.51054948622806
0.000549973056033136,2.43834529354734e-05,2.04623719879779,1.17878876079354,7.19223356898761
0.00128847425383669,0.00125393012267141,2.14692763743895,2.1449098128393,0.0131808417619496
9.36900972495588e-05,0.000759105148026507,1.49533677611167,2.00733229383117,5.13766663483043
0.00145515030994661,0.00133583294214912,2.63627509712525,2.17868290665487,2.41698478579759
0.00148018356801943,0.00121803731162598,2.56999217806893,2.00723828548086,2.0778647725197
0.00105437245217564,0.000507028135673675,2.48877446927525,1.6535710427082,3.32635287385432
0.00113410493868566,0.00107960768825366,2.76667007105822,2.22448878660154,3.93935758614839
0.00103076525504724,0.00141015378981411,2.04646165484689,2.23058996225109,0.19943539660501
0.00143074450477457,0.00101086846071148,2.18866246496009,2.01132167940129,0.208162255785185
0.0010394018675066,0.000273272220654708,1.93141672351211,1.5797137175313,3.0260154834996
0.00135558957213757,0.00154167687330849,2.17078896872925,2.67138945420752,1.74748057695611
0.00155437975667602,0.00144086741096966,2.56076443579336,2.25851256362936,1.70239039644471
0.00160581973800112,0.00140002721140428,2.52860794410645,2.13750518554124,1.45996057323795
0.000821542364166434,8.43718358062032e-05,1.95689089696179,1.36267375149475,5.06362445904771
0.0010726956693643,0.000461654222656946,2.45886198677341,1.632809133708,3.27124968849182
0.000134516908726997,0.00105683480410862,1.59300210190932,2.34106849814202,4.02825185821075
0.000545335945176684,0.000627353759276902,1.74175164073452,1.76771040929725,3.03009130578401
0.00079337999308692,0.00152546035478515,1.94712494343724,2.37264799218398,0.883866789318234
0.00143836999214657,0.000773690913948778,2.40830637532786,1.8071475072238,1.73584458244631
0.000875685050293293,0.00078844285912425,1.88990435638527,1.85912219448079,1.49263151515427
0.00133290047848777,0.00086377034107699,2.50619341814215,1.82605555683419,2.30211859192757
0.00117319615645817,0.00111381174233791,2.75271798559364,2.22081071576292,3.7574766089498
0.000115732423381178,0.000877964946790722,1.56899929596664,2.45058491243918,4.77706124061574
0.000904710548324237,0.00121222938856075,1.98363890851893,2.74925360543848,2.87138751911522
0.000283997431467517,0.00133969769436215,1.71375194179497,2.25384244837527,2.40995232182628
0.00135619421907163,0.000655961338666224,2.40976410729601,1.74862844462237,2.09949990589685
0.00155839940642107,0.00096063446740449,2.38137091160758,1.9088909810647,1.09156673297333
0.00100979324976224,0.00146050701655973,2.00528537012049,2.60283964084737,1.69104235076531
0.000215308593066768,0.000694551679344267,1.58334892575781,1.85557124026109,4.34201613826704
0.000938051904426251,0.000897898983672178,2.83727037014724,2.18816930532934,4.94548704726396
0.000879582864430715,0.000957991922570438,2.1003703943576,2.96224043120305,4.54419071701891
0.00123120597930045,0.00157089229029147,2.0934683205206,2.57766718913325,1.25262318057915
0.00156751799437011,0.00113775349651329,2.45686742653811,1.96936203416775,1.30580006655862
0.000968111689881099,0.00152418715967801,1.99530314717941,2.51168576877211,1.21695650641703
0.00105083465178499,0.00106678285741219,2.3618618987286,2.91240118006776,4.09852884507166
0.00100957266072406,0.000982049562926578,2.74528388833176,2.4403521912253,3.97793926255262
0.000955082730773843,0.000910706595471783,2.83098258410362,2.16383621185486,4.87438066232967
0.000891292128419256,0.00142900655401029,1.96250102815,2.57953895299961,1.74798019605809
0.00123690973283463,0.00128859882307162,2.27820493511889,2.83759705548467,3.16113928640331
0.00122681180033892,0.00110367221094944,2.10015999336547,2.06169365510779,0.142180586113195
0.0015185561094852,0.00159710192504972,2.30450869119305,2.52997264306856,1.02755112549581
0.000600614149618061,0.00071195459336331,1.77198397011992,1.80772403825097,2.56376350754647
0.00151192106842994,0.000610284693829895,2.25526196508648,1.7842907796871,1.23989772120611
0.000675216587116764,0.000688798262898037,2.2277652742553,3.11625774898345,6.29059154143345
0.00162126000885497,0.001218821705462,2.3888906214289,2.04214224269435,0.703625526136326
0.000940460042237774,0.000970567684811495,2.23959269937002,2.99185837494046,4.73766620073605
0.000269272922654994,0.00125708037491966,1.70354842709067,2.38411613068534,2.8587899985333
0.00112799793517633,0.000607869274507408,1.96806655085861,1.79202273105669,1.42721514311303
0.00104079043764461,0.00100732417126853,2.76566002334552,2.36846070011912,4.05873088598373
0.000925673461283903,0.000938276154243135,2.33985129315045,2.9852227938044,4.82176409408685
0.000922180757336131,0.000916715940346804,2.57035170857008,2.77073791427905,3.99516089250603
0.000911486589363369,0.00152282591189432,1.97759019452946,2.48421022335112,1.1641164345826
0.00129507157146106,0.0011899557967199,2.70275775896329,2.1164746497476,3.22692472290009
0.000740046350228303,0.000852529416804049,1.84463880554062,1.87893415943341,1.69990213576098
0.00108326578682566,0.00108064926829633,2.03131666191051,2.03662843791294,0.334361375165028
0.00109238522864798,0.00111844366524251,2.31639681513278,2.90993125574938,3.94568363928008
0.00141019763962392,0.000855588837384142,2.15169018780856,1.93815682699504,0.412725757223231
0.000894821120047404,0.000853802557666044,2.85063432353358,2.14467944551405,5.19190869328928
0.00128006144090648,0.00144816508185105,2.15070521429132,2.27006507947396,0.0672187974132387
0.000133550819311011,0.000890336297076861,1.58852176493471,2.47505598035661,4.63141467747715
0.000324082733077717,0.00133332426330238,1.73108051398197,2.17555048609268,2.14940855029062
0.0013195485764005,0.00115842134517181,2.66465031654712,2.02527245168566,2.98780140359458
0.000963511649670175,0.000878147334521711,1.94069722165046,1.91389256179613,1.01161870366254
0.000870303804684459,7.66410723319544e-05,2.01568557425911,1.35150618098862,5.01452854475753
0.00113109801069115,0.00105953444893285,2.7665539475691,2.12801056132638,4.0157678349474
0.00106589198264362,0.00114116465863472,2.16901990418596,2.9073210770792,3.82180451266885
0.00115630459923727,0.00149713548634694,2.09484747487975,2.30893507924682,0.199240745734169
0.00110947189775929,0.000133635461641282,2.14015991454901,1.44335786958958,3.86451274124627
0.000587558368986788,0.000565708103010432,2.95617313370581,2.09261422714991,7.01814689954886
0.000300776952314395,0.000952029818512858,1.71414466072824,2.60216111304693,3.86374948286967
0.00149095724517425,0.00160908861385576,2.26402052303485,2.56122962405142,1.10471923010311
0.00012634460767479,0.00107383058809278,1.58154884244813,2.26252097722829,3.97970600314565
0.00121883493814691,0.000212215152895125,2.0509621701753,1.54102147231037,2.97959966016553
0.000479522091270969,0.00128803760530809,1.79856603484989,2.09623532125583,1.54957224499126
0.000759320763961049,0.00121221625365257,1.91143398727604,2.06629911531573,0.799935712090664
0.000945655408924422,0.000899842887590989,2.83312627588109,2.145103949734,4.92864891821337
0.00120244342318908,0.0005007096346712,2.41943494469009,1.66384789786248,2.76053957937491
0.000275101834634769,0.00126996353068274,1.69570275567212,2.14804588675295,2.49908270725022
0.000699299797767419,0.00117326546005029,1.87863632735886,2.03706705128686,1.03852337395772
0.000150910348890659,0.00113269889866263,1.60917174621442,2.28074483556261,3.66049416266014
0.000903738471481292,0.0014671554444894,1.99700092295713,2.26690906904299,0.411731833258005
0.000249631909812654,0.00128307226469942,1.68507282764578,2.19409848210681,2.63674270174138
0.000389392110821176,0.00141402134234014,1.77544396884561,2.25488549862559,1.82013771716254
0.000712669800196963,0.000688301135715994,2.91640251867118,2.18410086914643,6.19342288433826
0.00112968512851447,0.00114580588337131,2.38860594778797,2.85195870658213,3.60045914133292
0.00131384208277787,0.00025565562029571,2.19365016103123,1.56673937726532,2.71345792165567
0.000871811582342519,0.00077193312298676,2.78045109331045,1.89829729755267,4.93183279033901
0.000916147275706433,0.000953001469202437,2.20485704408522,2.99751079841048,4.80058873785481
0.00159373914271027,0.00114024029638246,2.33232725719002,2.02603078267541,0.490760973040117
0.000229512576732824,0.00117956070012247,1.67518703022783,2.40406067186566,3.2452023492777
0.00106653844571291,0.00124274089178667,2.07742259392357,2.81382759483722,3.07694970000407
0.000296284154732197,0.000940953728206703,1.65949980818625,1.94410022199681,3.14703936231812
0.00107143445822059,0.00116548284099639,2.14446581084555,2.88799700894724,3.6521673975599
0.000965597079581575,0.00146112504981566,2.02107898244411,2.26625763877625,0.321383883753788
0.000996237066411359,0.00102209625132868,2.28040284463209,2.96506899181525,4.47138950144376
0.000649395732434784,0.00048407107091818,1.77421256389827,1.69350874977474,3.1884178468198
0.000653082474057337,0.000997103883147034,1.89139661758669,2.7692057668833,3.59283530235836
0.000418103579057098,0.00143180078141678,1.79108091771126,2.28008014843011,1.72843424851972
0.000790807408166816,0.000997397194103991,1.97418824472199,2.85207091413184,3.86509852856066
0.000912502599003408,0.000978797401836901,1.93694241669119,1.9593351905511,0.885625000548146
0.00104799348358779,0.00102497375027682,2.67869058170296,2.52621110010254,3.51671780424887
0.0013484832905616,0.00135199167554959,2.46069099407367,2.62038815834122,2.17570656406252
0.000775647588412616,0.000101497355051467,1.90426274171828,1.38699034490045,5.01644323177314
0.000771851019901532,0.00109277463992683,1.89649834282025,2.00146267580822,0.997916526757995
0.00136631428265619,0.000300155333812782,2.19343539628953,1.60428181558907,2.39205853072458
0.00078230043547622,0.000444291826802517,1.82333704911029,1.67531953942762,2.93357667788714
0.00156758439964593,0.00144469029058187,2.31962782438127,2.23494714671163,0.259860352616549
0.00105244358263137,0.00143283053856471,2.05539128856365,2.24955511321678,0.194724154974264
0.000307635773894397,0.000654028420986493,1.6338488819178,1.80522360446215,3.94765559242074
0.00149930943960645,0.00161613096202445,2.26302645271127,2.49606501264607,0.782804972550636
0.000953593646410804,0.000124473997812316,1.97119914491739,1.43115452911412,4.26146662987705
0.000315461455438663,0.000912683850328171,1.72317306560498,2.63358938665367,3.98483007063969
0.00155254202397213,0.00125396234161691,2.52590600089776,2.02350510059272,1.65156548928213
0.000848074918756948,0.00113182222661076,1.97007832990254,2.779431221308,3.20215212009957
0.00121055048017349,0.0015235484822018,2.11507030987134,2.33515826928069,0.222353354229714
0.000975512517473506,0.000969207826383544,2.56948953756043,2.73682210788241,3.72520636384639
0.00141056479310097,0.000623707571804053,2.36580227458305,1.74756441482681,1.86883722634305
0.000552791303268359,0.00120296544618345,1.83478461544893,2.59360550076767,2.67715374454852
0.00133675085224174,0.00106870045664585,2.14727900942407,2.04558930075609,0.12864728040811
8.66653395964234e-05,0.00090062778469207,1.51381483576908,2.14429617948812,4.78313155172449
0.0015705979164944,0.00150635944519089,2.46717499367319,2.36845668970361,1.16696192413337
0.00109302232161604,0.000665269354001315,1.96085617588957,1.81893707199521,1.31975905449542
0.000750412686918174,0.000721925876768559,2.90196460115243,2.15655388635443,5.98535922275616
6.14650593256586e-05,0.00080616646978206,1.48539409258263,2.3059156480136,5.45991295722139
0.0014727604402508,0.00136923126797617,2.62113128628985,2.23382379846779,2.25207733138198
0.00147060709000534,0.00154847212716459,2.24695252860682,2.35351053372516,0.268285600932683
0.00084840931377758,0.000768898041138901,2.80818073483736,1.93307626550131,5.16713210599867
0.000445157575059727,0.00114259153700614,1.78841888412737,2.57811183579486,2.97453029350916
0.00147582241619691,0.00129349457543111,2.2458297135423,2.15265934012113,0.0705203286323703
0.000425088334613942,0.00102218550746449,1.77945500234384,2.63577874463477,3.44121780923281
0.00103560466432232,0.00119798413323014,2.0751156226184,2.83511280424626,3.28409696092946
0.00158987716746177,0.00148535968217993,2.5051437198233,2.29637986083413,1.29640931622268
0.000690263506303158,0.000935620239819076,1.92604976554505,2.83667037048644,3.99139357299673
0.00158638683499675,0.00103448924801798,2.33552587364059,1.96801554050485,0.666778552508596
0.00123811956926568,0.00124547382249928,2.45762710661413,2.71147144528173,2.76218185889681
0.00100599028167635,0.000194198988410449,1.94255508993217,1.5108511340262,3.58306411171639
0.000111087789860808,0.00102745922953035,1.55963195595792,2.22340282060818,4.20752669403208
0.00102787790731522,0.00130526264538067,2.03885139052185,2.15949701452092,0.192332157190566
0.00117277128678225,0.000681800723747139,1.99807821479305,1.83624293044383,1.09542396036704
0.0012991555603052,0.00147886067787698,2.15276883145586,2.71654604505657,2.09839348930071
0.00116422578692815,0.00120726138649535,2.27628374998589,2.87961887304494,3.56343173957189
0.0012598839489204,0.00130159444240332,2.31565298794939,2.81522799902294,3.03023138944315
0.00151847260999136,0.00149175469874583,2.4553042183442,2.45189977137979,1.34013616755459
0.00135502817826028,0.000370242209201283,2.07419120065336,1.66984178218024,1.89816180213427
0.000898528286648785,0.000886714177472108,2.64955762520958,2.66928476458787,3.98282347056345
6.39061918612028e-05,0.000797974238235114,1.49126681348291,2.3410232472872,5.47405833656768
0.00115921964565913,0.00107819632536635,2.75352094457911,2.10872759990487,3.87500378410496
0.00134736717792791,0.00113923569173609,2.63103680851034,1.98561725436564,2.74596582028548
0.00144601049086448,0.00131317875920092,2.63904788008842,2.14255369851626,2.47714360204318
0.00151120935348398,0.00078472814676948,2.35600741953821,1.83317582272375,1.32349495248105
0.000276702209656383,0.000905818810454622,1.64444664644245,1.93363933524475,3.34518221393817
0.000761880666680565,0.000714167561060623,1.83559033547021,1.81412056448997,2.04384426422761
0.000639150961702425,3.85136990114642e-05,1.98705738352574,1.24345030456526,6.43413967852489
0.00152415490757833,0.000683197229869795,2.28271989616028,1.81270395978636,1.15495836860388
0.00110674467457034,0.000246396188045186,1.96777313162486,1.56364375702283,3.01140536803358
0.000686109904572927,0.000659115132829829,2.92164599225219,2.11491805144402,6.37733471513033
0.00126645807245791,0.000211668627787964,2.16344000281877,1.5317968204943,2.99963194346162
0.00134617139227049,0.00123302571777084,2.68307134294689,2.12635737275526,2.9814716479876
0.00122845566759919,0.00148500519673544,2.10141953747176,2.67989968528439,1.90686851488698
0.00077505435382298,6.50159801498997e-05,1.97623815547829,1.32238032710259,5.47031105301812
0.000996440601524549,0.000996546549633903,2.50207138657601,2.81597596165697,3.87197899747456
0.000907926314525393,0.00114541867875783,2.00198093129767,2.80278493213526,3.25690247815589
0.0015819711459349,0.00143311234136563,2.55273843232439,2.2014789697664,1.6202407328123
0.00123309818503092,0.000693725215757098,2.48734684478127,1.74854521786112,2.62426576464942
0.000951938098916171,0.000954716815774955,2.46277151908248,2.88767308280516,4.2984474627019
8.30362891654128e-05,0.000925449658677711,1.52166802516419,2.25180879272586,4.79079283174971
0.00133290634178801,0.00071640099182774,2.08265359116056,1.8681061658896,0.74222649816524
0.000512642551398515,0.0013349399732544,1.82096725469316,2.12698574285628,1.35645809524941
0.00150033186913393,0.00116906225967554,2.53087066679494,1.9741717513976,1.84268195534404
0.000486122476568605,0.000446235867410727,1.7060973246854,1.67436741969946,3.92288413759247
0.000809113610389235,0.00141489376215064,1.93373845210111,2.55686638758442,1.77144802710592
0.00158519114793138,0.00138430596266479,2.54703073067222,2.12758254786377,1.62314134706936
0.00105288716865522,0.00110481869980672,2.21096853424808,2.93148524151699,4.05632749308979
0.0014171302102012,0.00146712482320388,2.34064873184194,2.68114494172795,2.02846510139182
0.000805926776942158,0.000810752046202741,2.38147665051751,3.02597128759682,5.42777554913384
0.00132870289677595,0.000400130265559657,2.3088244762772,1.63942218962236,2.398373147987
9.53820519633815e-05,0.000767894602728648,1.49833952797117,2.00966802534433,5.08961186680603
0.00150177391721255,0.00129419043953886,2.26171375792684,2.14789399173172,0.103022006498534
0.000377121840234489,0.000942284410078444,1.75688351739953,2.65434136475509,3.79161271163486
5.97193070473333e-05,0.000716692588972177,1.45194064336003,2.07826048513096,5.73007991256109
0.00105494768270145,0.00116652395784401,2.11976936646227,2.87671412318962,3.58119422538681
0.00145284980313656,0.00151029112961383,2.33260564743107,2.64665396027062,1.77046887399348
6.68286390171866e-05,0.000764821967750517,1.49702043298793,2.3955368616204,5.58292765537692
0.00111144128385851,0.00111862144049859,2.44956911547518,2.80632558793003,3.47418259914074
0.000884965977816961,0.000568589220110573,1.8680870031701,1.74921121818829,2.17314545346851
0.00135680170899287,0.000286473994834357,2.18374800575859,1.59549692402865,2.45410423187677
0.000947310241437184,0.000812661689668145,2.73771234666794,1.87868065390829,4.45196216997685
0.00131355542614216,0.00137185211195959,2.28979480985184,2.78615604659527,2.71991564933241
0.00134010889956693,0.00136349579342367,2.3999920357672,2.69988013922522,2.38612141651435
0.000202246258369617,0.00112562454482513,1.63184136451629,2.09708911611442,3.22259798564665
0.0012418740948169,0.000556980284267126,2.42582225650417,1.6928092133896,2.58286083600558
0.00125669000116925,0.00102092234642147,2.10064566520561,2.02006087613367,0.219980026091721
0.000641769122286442,3.35063886479759e-05,2.06661623851534,1.22298638546332,6.55188979669162
0.000579917667404395,0.000925991881948908,1.8634047438584,2.77673902285233,3.86464170984692
0.00129607885953889,0.000272155395490385,2.06657203581512,1.59575892332454,2.48112505161919
0.00155740102343032,0.00145659675360601,2.54293146339491,2.29190772681339,1.58300256213521
0.000751556921957597,0.000653049408651657,1.82516059623972,1.78378298191549,2.26973110529547
0.000505011413031674,0.00136753337328749,1.82224940710218,2.15275308983018,1.34403955381324
0.00154575965350859,0.00132367306376015,2.56314546753747,2.07870290196422,1.84020012538649
0.000666161071240706,3.72714607273013e-05,2.04131424824154,1.23963721977443,6.36211382697143
0.000937384292261754,0.000906229069484393,2.82369361642484,2.30438560593433,4.76045491587562
0.000166131458558906,0.000990899395506035,1.62137199501877,2.45797919419952,4.12175259170554
0.00110014351751023,0.00036935221856137,1.94488119457749,1.65131912409931,2.40848231234953
0.00112408405616155,0.00108458937522278,2.73741474993188,2.35805111063529,3.68007478049086
0.0012046186307255,0.000761430065682982,2.02649210498647,1.8816382567823,0.808026859924888
0.000986104458749528,0.000262263304007482,1.911898322211,1.56738292792755,3.22203824462755
0.00139944103275568,0.00115675584475439,2.19083033613253,2.08732960484039,0.0665655996952652
0.00157290121614125,0.00103433123276937,2.39829812129038,1.9382857729033,1.06385024165151
0.0014348970581535,0.000437271664683273,2.13154129027895,1.71243963286857,1.55360411857984
0.00105222515832309,0.00028936869624982,2.37392846694814,1.53902509432062,3.56910977583956
0.000325858908120977,0.00135637246049221,1.74032548062383,2.33692454792269,2.33124209806246
0.00161528025917759,0.00151554400344519,2.40577944050977,2.29598401548373,0.680214693946074
0.00141637783838538,0.00144294150022472,2.39397751660027,2.63722406039101,1.93651653273377
0.000124749520339005,0.000780190399376512,1.52669200889784,1.97018400358651,4.7539732978053
0.000427777624162669,0.001434913437998,1.79581890206858,2.31025946268636,1.75345807927613
9.67143202542003e-05,0.000979104100181368,1.54288812931876,2.25614147454661,4.49526692801631
0.00104184233986197,0.000394945111191179,1.92068883594517,1.66282812149266,2.43746551390338
0.00150545367560407,0.00148516126670842,2.45318827189523,2.47039474495453,1.3958945530818
0.00137541067727428,0.000881193677019792,2.13623198920533,1.95190949889873,0.371496825217725
0.000212698601230526,0.00124084508083485,1.6646756255503,2.3057493037175,3.05104176199651
5.59554127147511e-05,0.000693726608419411,1.44306201989039,2.07512032361448,5.87355425289651
0.00075515177286749,0.000952294854207487,1.86580656170906,1.92827923545118,1.38419525656876
0.000786230722228498,5.43174325666321e-05,2.12819346368552,1.28976785812405,5.64686090321692
0.00143891086910886,0.000522799623212811,2.30061094040533,1.71772345662659,1.79209892895362
0.00104756442013077,0.00141390586104215,2.05325694168501,2.23480623103395,0.184650054847648
0.00138184161908587,0.00151401170645602,2.21306981536829,2.70412156043194,1.97840641356725
0.000987725492322497,0.000993871953343448,2.43028578821959,2.89811709398901,4.2324670096181
0.000109466607413177,0.000774532946489788,1.5124896266078,1.98861492825587,4.91920129742998
0.00105767657722686,0.00102241867708541,2.76352231720615,2.35707500422085,4.00958293806255
0.000637193317125378,0.000644194592559481,2.27866873459579,3.13607638610274,6.5894091626633
0.000473555089492187,0.00145501863765949,1.81824645174029,2.30127155770338,1.54737513907979
0.00031528187271949,0.00086766605913219,1.66054793564413,1.90455972073982,3.25352396530441
0.001237179104303,0.00149126317047752,2.12956315730703,2.30484593838188,0.140471854801984
0.000405316540209971,0.00119447347164921,1.77134692203697,2.52715767055501,2.83125290288946
0.000303184880354787,0.00101419080927886,1.71571586431211,2.56934376348964,3.63521413491629
0.0014268916572515,0.000402713004955274,2.13312893167356,1.6898308350627,1.70723835053438
0.000350806303543817,0.000985302367885263,1.69325815509661,1.9515162687201,2.7657431417988
0.00114434840004483,0.00116670713229194,2.35551657141526,2.86523114498174,3.60753551653946
0.00102969361281758,0.000978513585004373,2.80537095287925,2.1691018432005,4.49901280262556
0.00127849025859061,0.00116144566110324,2.70112607808227,2.0786237183906,3.27764868796346
0.00104892549144916,0.000306488471801215,2.38621668572699,1.54873644120656,3.54542896682395
0.00143118250382104,0.000503156069581661,2.12074195697615,1.75349329284718,1.29748795931958
0.000408432055481266,0.00105601488582853,1.73064779377917,1.97581073017285,2.33377728623156
0.00112795903237068,0.0015701473060537,2.05510293978667,2.51799485580915,1.02884530416389
0.00155383421047833,0.00118354365481908,2.49204474673461,1.98548654999969,1.50031065533675
0.00111088746780355,0.00085208204961593,2.63306613089868,1.8350680793714,3.43832373984139
0.00106141621486751,0.000377218581092245,1.92890368170143,1.65323794468035,2.46674143427161
0.00132505420595448,0.00094346193919067,2.12067270738379,1.98288292117225,0.289545616811538
0.000914643218047879,0.000889419995539123,2.8010972464898,2.40056741366638,4.60263675255667
5.85334502793254e-05,0.000744629924513457,1.45635043741843,2.11268092900285,5.65134637382938
0.00115920489835551,0.000979434352971075,2.67923433461773,1.92506239969396,3.51292946912243
0.00144301414598991,0.00140023384038908,2.53541551426375,2.43700153992579,1.84154283525055
0.00112850483905274,0.000210415197355464,1.99427188771129,1.53441608007754,3.17853459061072
0.00127546815991841,0.000951942697576571,2.09738877266525,1.98568051878677,0.307946069689928
0.0013366939530088,0.0015142784608267,2.16749261321953,2.69474774895244,1.91930348239029
0.00141079636492284,0.00162053406845125,2.18834425725179,2.55367608084927,1.00761076447354
0.000629936074127365,0.00143170225519744,1.88523044181019,2.21056125940679,0.925945642841659
0.000921150643915115,0.001441613333609,2.00377020601928,2.24517726564537,0.356283962650475
0.000109056668801165,0.000956799490960212,1.54160220977094,2.12064281916748,4.38257943980494
0.00120714826588569,0.00135598644863402,2.13918688266518,2.78896824594275,2.71644328548326
0.00101577322016813,0.000987223574111725,2.74932848811189,2.42742075054061,3.9907952251014
3.11931298914543e-05,0.000609955384182462,1.39855890503216,2.2352628399015,6.71899435196061
0.000286583850869174,0.00114185545474806,1.70902639437007,2.48379185392205,3.22703317448389
0.000442933920201104,0.00142355914187235,1.80119713951784,2.3606519374842,1.8460876547332
0.000620210024268494,0.000624490507216471,2.31210552329654,3.14063978093068,6.70281903724724
0.0006957309064966,0.00127601612703265,1.8905667454369,2.61003535730833,2.37038996725142
0.000992179475666344,0.000981832859196969,2.60147609015791,2.67867207684791,3.5877501843928
0.000141135790503051,0.00111394069342649,1.59606533564152,2.23537523419613,3.74205586776771
0.00132310914982359,0.00117097396103298,2.66926158093455,2.03988064672341,2.99961059540885
0.00151645043727715,0.00109771760522472,2.25396011604178,2.0382293876216,0.234017818007984
0.00150149845477911,0.00142526022124062,2.56115238223556,2.33876875399639,1.80362956229553
0.000543334445757345,0.00127702597666585,1.83242822454571,2.54363269523365,2.39364604592769
0.000917097649459663,0.0012425254359222,1.98449692864792,2.73292408828663,2.73109413982645
0.000298901284555887,0.00109864819179146,1.71475171914415,2.51863569699318,3.34873211134347
0.00132609927164888,0.00152633783199567,2.15377426359033,2.67836600303426,1.81149674981707
0.000925175185816544,0.000800529082538965,1.91175844353202,1.87015302687815,1.32440723890809
8.11765860924271e-05,0.000819184165470433,1.5220628533062,2.40364902052897,5.23970823776961
0.0016024580945446,0.00150203701409912,2.36673519943109,2.27956605123712,0.476858673849912
0.00146121313282716,0.000578206824088841,2.14914511938497,1.7939129208696,1.05672604457648
0.000949460981659457,0.000151620606184055,2.2979618229345,1.42696246519209,4.36462939996568
0.00107222254682723,0.000594636314606886,1.94334521407981,1.77929657332455,1.60112958000059
0.00141787751401201,0.00155375854608345,2.22400517547575,2.66707302236552,1.71499033409548
0.00144243210233714,0.00135073382078552,2.63307689970773,2.25306596039166,2.37914807081912
0.00160553632441066,0.00151978895358271,2.38282392180729,2.30356152456229,0.58038729652207
0.00130504491251526,0.000293635073091081,2.24866106927741,1.58299947879495,2.67674837366526
0.00124489309419259,0.00110878223664083,2.69639411726997,2.02469535950707,3.35656799441541
0.000110670944291212,0.000850174874041255,1.56249679781538,2.45976767264569,4.91082698476656
0.000469535867358261,0.00138570936712847,1.80896042272985,2.42563111205214,2.01238402147152
0.00155581035591047,0.00134927370310706,2.30303192254778,2.16792569002609,0.198331598329485
0.000438374069021066,0.00133525175988827,1.78658729597179,2.1342784703859,1.63371377591984
0.000173217658038024,0.00101326621840246,1.59630013859206,2.0519926024507,3.69295723321187
0.000749907988384137,0.000355341892338879,1.81167166936553,1.61965908642738,3.41641893392846
0.00153285259254089,0.00144225673512553,2.55495745434782,2.30801469664027,1.70271836340471
0.00162155863541409,0.00149645609280224,2.46847770908854,2.27053871405107,1.01461216504623
0.00118831960567218,0.000585778873139774,1.99163173991449,1.78607028680536,1.37093056392707
0.000874562256403724,0.000765906957360695,2.77021491625825,1.88294791483935,4.86564651950737
0.00152101286137481,0.00159189441318761,2.31330302976976,2.52965744421466,1.04910620506535
0.000975248299350652,0.00145648678846662,2.02489922853891,2.2629075648136,0.303600094063325
0.00121025307313345,0.00124857189934285,2.3090846989836,2.84753335876428,3.31241107325688
0.00107147916338765,0.000540577433683493,2.49675129463117,1.67060521768051,3.25540866109719
0.00143534380100493,0.00162098157926405,2.20608407637632,2.55638701256903,1.02404543860053
0.000589705289978144,0.00124387891516155,1.84984566496852,2.58501293732849,2.50449521247239
0.000331166559553446,0.000918105577114192,1.73214659357764,2.64048418465706,3.94037630574097
0.000333829460953724,0.00109092244365207,1.73362286846198,2.54599180805389,3.30752185323103
0.00131021408888966,0.00128447810409876,2.5604292952947,2.51513770512914,2.33818741070239
0.00153546595185805,0.000970661645048225,2.25766056141327,1.97033313308278,0.419363988809895
3.41094476940197e-05,0.000624974474240833,1.41383375230006,2.30104791689131,6.60766490937034
0.00126144865961485,0.00126368434326046,2.13545958568294,2.1503718542703,0.0180027652895363
0.000924282667545567,0.000405844645398157,2.49668451092204,1.59451162891888,3.88438625636117
0.00137365661949043,0.00133090008373038,2.57943618249768,2.43709652205647,2.20652299684462
0.000915618208139557,0.000750996773342499,1.9005278000855,1.84438834043428,1.49589218103786
0.00107357050244645,0.00103570655327716,2.76498449166026,2.33568781251066,3.99350604259384
0.000185247765934891,0.000888513540040708,1.58675374004742,1.97106790501665,3.94695378180336
0.00149026882433011,0.000966725079468497,2.22033274961435,1.98112761482835,0.320094632950512
9.0342038036089e-05,0.000820843774048019,1.53566161377588,2.43183544191795,5.16167626896473
0.00115322663157528,0.000330543476684036,1.97074527178489,1.62974590924505,2.46490483358004
0.00101196234813525,0.00117901966211958,2.06489117598016,2.83742992984998,3.33799000758116
0.000750096709548325,0.00150555844492843,1.93537895254708,2.31290078897729,0.787241980311266
0.00063767482978675,0.00105636148546097,1.87659142796963,2.72203242108807,3.29589992455754
0.00146218623696627,0.00131438185631307,2.23936911470471,2.16757432808762,0.0546746560537568
0.000787441111902333,0.000872827811571063,2.05826757584476,2.97689989930817,4.841703062366
0.00033330560737049,0.00135907863527212,1.74445193175271,2.34297176804101,2.30844231668334
0.00118885419740731,0.000886173134585465,2.60117388666244,1.84188368002137,3.06951100253264
0.00100130855519502,0.00155902932993283,2.0160117844585,2.44573861646279,0.833784129974183
0.00133276287436199,0.00132879036452218,2.48569553910436,2.60025706129837,2.21318122730368
0.00161055092021739,0.00120187558959594,2.35732714557655,2.04812990311024,0.542580103292129
0.000683699338120564,0.00106729699739122,1.89713211241344,2.73817836839089,3.28537042135444
0.00136837521571647,0.00156129621381409,2.17309789370707,2.6520572899474,1.61177469222041
0.00132235718795986,0.00120566551149477,2.68916870761143,2.104124793103,3.08715830949236
0.00141737199457251,0.00134510997453395,2.62439496264474,2.316515840707,2.35087612518138
0.00145734568994898,0.00133391781512395,2.63509693996762,2.17024102631632,2.41036185301625
0.0010904453386746,0.00112960705166187,2.26158712633843,2.91926445767374,3.95097460450523
4.42766266114333e-05,0.000689601199024294,1.42936378986518,2.15556538159298,6.10078015921672
0.00132403277270229,0.00150884588441422,2.15939523358602,2.69602503485904,1.93554420874876
0.00148739060044866,0.000514165870403786,2.19687972180831,1.74803768754501,1.35364059345913
0.000388338955736627,0.00137274946208926,1.76855805621762,2.18293568570724,1.80224103069345
0.00146257857929473,0.000459457125359988,2.16517305744212,1.72176680872473,1.49569047676294
0.00124746551337551,0.000458492662969706,2.00860588914063,1.71888955322125,1.71233209967776
0.00138244069219575,0.00113585219969576,2.60264631484279,1.96947934071289,2.51215086041477
0.000420657754263488,0.000809937838538211,1.70541430166102,1.86057367408785,2.94255798475496
0.000968522792424189,0.000974009425126241,2.43221211617667,2.90709301946724,4.33225482074221
0.00143145245552675,0.00162386463818548,2.20286620369348,2.54106277971433,0.94223450525385
0.00158112460350556,0.00138257847278578,2.55061698198782,2.12741911608568,1.65381215961514
0.00144487906472362,0.00110881173694254,2.54422444630813,1.94251175833142,2.07104355824213
0.000521418213353977,0.000929035946723675,1.8321695430214,2.74190149677124,3.80722592211528
0.000441965586786042,0.0013905069552632,1.79779510775718,2.40327178841798,2.02053132212339
0.000818603075943159,0.000880742865622409,2.1054862557485,2.99920026258603,4.96078454435998
0.00156805399976183,0.00140048740118584,2.5659727682283,2.1599860103771,1.75449991575211
0.00158509020371065,0.00146414890509256,2.53231397394434,2.25979140247011,1.46785565186045
0.000942943899749691,0.000986333353452088,1.95154206923215,1.96731865537199,0.793804999360983
0.000722306364243147,0.00105040964982671,1.91875402518653,2.76999365681068,3.41691397148718
0.0013733895627726,0.00161035109198391,2.1648380912662,2.57177748404089,1.11609996255676
0.000636718617587656,0.00145919782197556,1.87914018066556,2.43707199601017,1.52526371355941
0.000903721511567139,0.00142948952113815,1.96684724343558,2.58442124649559,1.75540676936859
0.00123928862482857,0.00144255573454202,2.13262587516419,2.26562657755306,0.0750579475977726
0.000982505543463448,0.00022439592821616,1.92029378794974,1.53626608087489,3.45128150480629
0.000733569893356969,7.82639970192865e-05,1.9162322238677,1.34560108596012,5.42890176772224
0.000160831671848651,0.00108372613609852,1.59948929438937,2.11939820754776,3.61325185924095
0.00100404508686686,0.00102482260190969,2.31132296223785,2.95583592368577,4.4238934389012
0.000991383730734491,0.000959540925748573,2.7917312764864,2.34786848476705,4.36903470832095
0.00117260624583429,0.000626448115064643,2.48795446219963,1.71557508315948,2.85411266922331
0.00111471864093514,0.000255735728274599,2.32252137051448,1.52698771547774,3.4366929633261
0.00124034222067363,0.00117932481068199,2.72136486030052,2.26027207534244,3.37033738082091
0.000803043376210823,0.000994356039521261,1.98466472011326,2.8631166886527,3.92184434051628
0.00111578180414302,0.00143641442556745,2.05081251192553,2.67312417506,1.99681009260219
0.00102740445085154,0.0009797446578242,2.80626484055558,2.19380200550493,4.49228961573308
0.00148807481936173,0.00127405450194968,2.59050573434789,2.05268740348788,2.14787368684322
0.000184292242800198,0.000883097972611018,1.58539152968839,1.96893016724628,3.96909410499319
0.000471994717312302,0.00103067371010041,1.75642230872018,1.95788624589119,2.14021394619362
0.0010966095040781,0.00106371748048865,2.72001537077624,2.42053309126311,3.61243861835088
0.00107992191063525,0.000987876937272822,2.76193793496484,2.0290103523731,4.17290419323901
0.000567932039658004,0.00139102980432796,1.84776119919811,2.47245895880423,1.90607760728399
0.000790256146786525,0.00138323066204016,1.92605965137291,2.5742942696687,1.91899880864141
0.000903353464467904,0.000897107406958012,2.58333214598778,2.76432720979416,4.05180172461251
0.0011154641971302,0.00135480992105392,2.0679259860973,2.74379345319268,2.49149937247473
0.000561823201341518,0.00116485486912722,1.83855448782225,2.6203717862514,2.82363235296826
0.000898380291810408,0.00086084773748632,2.85095807382506,2.18120578425279,5.15630820517211
0.00148202195221873,0.00146159472930768,2.25729255745349,2.2679453560455,0.131546291807334
0.000770428704466604,0.000898450552677262,2.0101377457018,2.9309184277335,4.5156400164548
0.000445840715821309,0.00129775955911814,1.78435428024042,2.10583848166837,1.66223668920141
0.00159687653303394,0.00151104704941667,2.36207593915069,2.29265206378627,0.474347393579582
0.00153774258478859,0.000850698666851887,2.25269064194022,1.91100303403717,0.617737604050384
0.000805001351166693,5.64045924297076e-05,2.06924931643576,1.30183400622937,5.52123092337336
0.000750779793879103,0.000766204314855911,1.83745711091953,1.83846285040892,1.91821115851732
0.00164054708864749,0.00143227271998342,2.47658326000772,2.16796745291966,1.04881815595798
0.00146029188902557,0.00137129999844137,2.61721207612101,2.27432089521605,2.23366714270052
0.00120484304240135,0.00115968946136153,2.09827719739566,2.09051126146454,0.105242157979488
0.0011916628955372,0.000785954903160601,2.54956813059073,1.7881566327576,2.88851182003166
0.000694378974710419,5.13142113383936e-05,1.96505935331366,1.28471912082573,5.97118208594954
0.00129376684188062,0.00122459957364467,2.70166890610562,2.25097824243528,3.13111920372771
0.00159071740552595,0.00147470693176199,2.51911226558252,2.2732905182417,1.37574269445533
0.00155332604328852,0.00136234631505973,2.57058717733325,2.11761437928683,1.84172081439249
0.00160709179935204,0.00143231139634169,2.53024587362036,2.17839034878034,1.44196785663898
0.00159695356835915,0.0012714305544837,2.33541002512223,2.10130218240915,0.362299015922399
0.000334673825774296,0.00122715086246127,1.73829406369812,2.46384860216289,2.82800295170289
0.00135233012625902,0.00157113464649688,2.15818866840205,2.6338534935737,1.50069977524356
0.000601299433689896,0.000840465361778868,1.78678817548258,1.86744102191664,2.1792564604926
0.00151204537878844,0.000631031151522749,2.27388122390731,1.78847394091916,1.26437199917976
0.000938733118253405,0.000891625962384905,2.83415701902185,2.13029721254253,4.96539993601839
0.0016188317628269,0.00137298388918625,2.50363761070226,2.10906657068345,1.30119301891759
0.000186166448231889,0.000966397228851282,1.59801612157332,2.012348038694,3.72501038993959
0.000915496120527698,0.000892613555617159,1.92288136725362,1.91544827839634,1.09482585426993
0.000663841543255403,0.000706894478888692,1.7966050245914,1.80636016281166,2.37042973372729
5.36390965362522e-05,0.000744197168969946,1.46922786258902,2.33674628212347,5.80389713712958
0.000782571340668515,0.000296354899868947,1.82800580454657,1.58060979899409,3.6078853578768
0.001341086034771,0.00124431599573997,2.6889541788493,2.16875442668766,3.00199660344785
0.0014469074811201,0.000426509970006612,2.22671507876656,1.6853624243614,1.81845825939105
0.000352898219495802,0.00132267316052609,1.7522998354489,2.40402131643596,2.43757561517705
0.00155066916805377,0.0013619568912893,2.29998003188578,2.17808690722043,0.186884664605462
0.00106669024188502,0.00108388642229704,2.35893446858241,2.90561510200189,4.01932289767076
0.0010537626220535,0.000117215391556092,2.15323988835344,1.41661417760501,4.15728020390177
0.000900324402600177,0.00149805136677104,1.99446627709447,2.30023204279262,0.479970671482308
0.00115674207915,0.00111300562842747,2.73242991537799,2.33720598035725,3.5830998758764
0.000464847395439456,0.00143089415155368,1.81231649520312,2.22942930857844,1.47178849602479
0.00113391108447956,0.00110530219343118,2.66560581548794,2.48724813539218,3.21760539832704
0.000568681365848005,0.00143708945919026,1.85223014770213,2.42790438163822,1.67979557759578
0.00103846430931846,0.00147053574156499,2.04923613172162,2.27983874693131,0.253899279947295
0.00138176110095093,0.00132214341538203,2.62273070295238,2.35907593187245,2.40683317891492
0.000690689055766476,0.000712568085735524,1.80772864371951,1.80993447681156,2.26721181704418
0.000256787698247976,0.0012092013373762,1.67605042113677,2.11112410778749,2.71255623723138
0.00114248980255818,0.00066852870771449,2.52132520396116,1.7329178324931,3.00156780159089
0.00129551698320218,0.00111673286878275,2.13420435932364,2.07054524641537,0.0930740400734103
0.00140658376902827,0.0013912686871556,2.49125582335621,2.52830650041184,1.88037583871878
0.00147519118819616,0.000932308826874261,2.20515877346072,1.96771275408375,0.341834858086181
0.000806766202839059,0.000777845759997982,2.88254357653507,2.20601377017159,5.62860445670905
0.000550245291608544,0.000727381577344817,1.75299254426246,1.81528549045439,2.69146130586021
0.000192628323146043,0.00109935006495185,1.62187242248545,2.08837432649637,3.34677758995814
0.00114886408847263,0.00115218554707884,2.47952833421307,2.74599345022207,3.15168203888828
0.00130313856387026,0.000416027037398551,2.33145120607794,1.64157525728255,2.47263948730229
0.00117625248820672,0.000329176372226285,2.34426156219635,1.57812591426599,3.06238693623979
0.000983330211235332,0.000335049130000144,1.90084586322521,1.61970440117024,2.85675957419422
0.0015253311633103,0.00139975156487559,2.28404094478523,2.2116027236235,0.146707284582793
0.00107174653486728,0.000987579897714992,2.7706813921011,2.04677273517057,4.24090664972604
0.00111825118942815,0.00116871183636585,2.23816991561603,2.90313330603519,3.76364059615484
0.000740652217537061,0.000781481877503423,2.12565037548579,3.05215718132383,5.56278687077382
0.00144856683505869,0.000842809228599502,2.17366411673282,1.92895805538482,0.448206712731745
0.00140549682751945,0.00161431535319654,2.19270740484525,2.45952579361824,0.565781026491885
0.000762442059414652,0.000989138561340181,1.95722403807948,2.84020555843965,3.84018784980996
0.000514409444653346,0.00052715496561153,1.72185638741227,1.71784877494153,3.49694458053918
0.000525074140477156,0.00141707160642529,1.83788609489057,2.19788231046236,1.24359457597605
0.000684314101866231,0.00117986612542922,1.88840311529593,2.6663201563374,2.77801098463402
0.00153473935660667,0.00155795735839688,2.2982043327872,2.36429345328122,0.399361798523223
0.001217976892531,0.0014024507322185,2.12247574281772,2.75262806407037,2.4326863637183
0.00114853990369573,0.00102339139785716,2.72189437893817,1.9942359789806,3.7636197122777
0.00141665064696882,0.00132982265969762,2.64588428575115,2.25430109083966,2.51230979528057
0.00122871477035952,0.00146051285248814,2.12749343230827,2.27930410068475,0.0995440652038893
0.00105821585305499,0.000404237481989281,1.92698488462193,1.66989428707959,2.35733283935373
0.00140212460268602,0.00151429248968602,2.2079837784448,2.3217829363349,0.15658789310556
0.00143343504835264,0.00156449540659329,2.23377369480891,2.65385919547077,1.63096530627732
0.000731962062219806,0.000768828961973142,2.13440592666374,3.06107528175318,5.65794659487033
0.0013946334460079,0.000989041158789153,2.52345533430253,1.88341055302912,2.14922346749699
0.00157448515923673,0.00154224243323127,2.40709738793369,2.39938546732401,0.906785247556732
0.00119276834381674,0.0013878027607852,2.10927626548742,2.75369519721714,2.4675435867591
0.00121940022103221,0.00134321205751666,2.16267423896071,2.80550356064504,2.83480322287438
0.00102610462443216,0.00130384560709373,2.02902418109811,2.74049034850861,2.59857466084389
0.000387021290884537,0.00140926637190383,1.77464108369572,2.32185303144123,1.96784080032549
0.00155863291565917,0.00100340662371434,2.28474240639813,1.97591460220539,0.470195783276799
0.000946751720696206,0.000313792076731428,1.88869922199993,1.60255783951326,3.05604815201785
7.21563068326152e-05,0.000766524467951232,1.50653532366124,2.41666482103118,5.52596090866035
0.000981005563894431,0.00143839450426898,1.99470064587473,2.61014517077308,1.78376396551194
0.000959441478443537,0.00100070365162551,2.20657758025637,2.97697908875146,4.56227423924413
0.00130973319287832,0.000247919134569993,2.18416654275856,1.56207284865048,2.74326747905306
0.00118913656123228,0.000259514036688377,2.00400349084012,1.58007823383886,2.75172560091947
0.00135134097655746,0.00153916986496698,2.17855035578116,2.34851165629054,0.207135753568077
0.00161735158253803,0.00150356372308759,2.39441615700453,2.27611799714461,0.598859590243146
0.0011225978487685,0.00112895935686675,2.45729772315964,2.79053213079464,3.38167736807303
0.00161074818270953,0.00151176277622544,2.38680328068526,2.28995565871118,0.579415648939985
0.00163916776220877,0.00133462936867517,2.41195792957808,2.10530507905804,0.711007361440283
0.00017915477172872,0.000748227527217424,1.56481039040818,1.90291903928153,4.41438263266243
0.000972572808014882,0.000259405608756882,1.90704951395629,1.56419962502604,3.27331129740458
0.00162949971624971,0.00130159560215076,2.38542711460809,2.09535153331286,0.587524589037239
0.00162700130868789,0.00125788542127354,2.42168536257347,2.05043992090217,0.862562617537351
0.00130689135955742,0.00044191377744655,2.03851150763563,1.71337533483821,1.66806138648065
0.000546077614147552,2.37433689820687e-05,2.07701667162521,1.17315225693567,7.23828151350959
0.000743408962897859,0.000396000457234582,1.80837967246913,1.64505089233203,3.25313336469533
0.0013456930161586,0.00133674317237842,2.49639136460109,2.57491907403949,2.14537180059068
0.00156296786854873,0.00147404054154156,2.51856518019212,2.32214281607293,1.43322524428403
0.000736520016196469,0.000740086426276051,2.3741470852525,3.06407332832621,5.86669149494211
0.000561617111375733,0.000568115701787414,2.25123454298067,3.17464457001268,7.10367803654438
0.00147778649089167,0.00143416306287688,2.25419619431797,2.24662838250986,0.10415547002791
0.00145706152891403,0.000614204427615259,2.14787172829932,1.81386834130191,0.949866208121272
0.000826121628566868,0.00148949874131719,1.94553408443504,2.49035049953112,1.35521214457375
0.00123581365357962,0.00119096744356587,2.68090886946451,2.38121114251643,3.06337429863998
0.00106786280705299,0.00117450597311795,2.12901049211701,2.87728491048087,3.5690457823319
0.000944702033879878,0.00117932168390049,1.98687840408648,2.0733473550011,0.42961485799448
0.000793474936807302,8.32958214474935e-05,2.25835513119152,1.33026862249664,5.35365486760225
0.000882810203076032,0.000856784680833543,2.83261176834048,2.34555144566946,4.94089075175091
0.000266304081736786,0.000902424296409235,1.63821909802468,1.93568571781029,3.4108695489255
0.00142519248839699,0.00162008925000551,2.19855101191131,2.55903684621281,1.03677503074474
0.00114226695239986,0.000163373146292964,2.19908510942354,1.47017594442115,3.64068946823425
0.00113588430949949,0.00111250659683978,2.63251841702178,2.53645782282024,3.0844149247645
0.00139685378930009,0.00145913293773649,2.30955691752011,2.71488177683436,2.18770369823886
0.00141301007266757,0.00141843422329608,2.4425706104231,2.58443377875236,1.86618645688763
5.88424092707321e-05,0.000692673165368081,1.44630540986456,2.06064807821005,5.83084244414844
0.00150091613171437,0.000738681361559593,2.34600866634369,1.81440321516809,1.37876545262367
0.00114532293323817,0.000396821207375358,1.96265726309415,1.67253780340154,2.1830877335407
0.00138551586246312,0.0012997814615271,2.66425821907125,2.23770740255439,2.70342981787999
0.000831396678589906,0.00131841782376231,1.95819778711764,2.14244552111061,0.501347136437995
0.000639911074073222,3.56159940134658e-05,2.01610579308266,1.23304002829585,6.49887974060597
0.000957915108556102,0.000127428547738153,1.969994953601,1.43522913631549,4.22306818342297
0.00131201960210036,0.00127146301095896,2.61130693767773,2.43967679691222,2.50565350659324
0.000685473119442894,4.47019515474754e-05,1.99245315446022,1.26578678008271,6.12753492397518
6.30417524234103e-05,0.000721359853686573,1.4565933719105,2.0676861028298,5.66260345625515
0.00124158446074909,0.00107540527173771,2.6764957476161,1.98001237855121,3.26638066914399
0.000483209995178573,0.00145594541636114,1.82293294118201,2.27927050531692,1.4646972511707
0.00103107847695815,0.00121363177036221,2.02946165604374,2.1047449964564,0.246922004149288
0.000279916586943433,0.000894709560513553,1.7019093347333,2.61979426831432,4.11706384985569
0.000949506926226845,0.00154714889646839,2.00452167924259,2.3878768725293,0.667882197390052
0.000150368123560367,0.00105607967979786,1.60899850208409,2.38257173964011,3.9617863242358
0.00104900389308658,0.00103230679311777,2.62981284333149,2.5990179384092,3.37066577448289
0.00083269103132736,6.37969230914592e-05,2.14578987925538,1.31271445707066,5.36550646985183
0.00151627234896915,0.000849071171972982,2.22777098147169,1.91892110022807,0.539736706239827
0.00150016956905991,0.000633180571955489,2.19469851623639,1.81573893874112,0.96314819547085
0.000129389943836003,0.00107238186751793,1.57874573480631,2.19563959816479,3.91642960893937
0.000655665404075201,0.000660632019937925,2.31616283960448,3.12218863499365,6.46137682853138
0.00153851854895985,0.00159080652361872,2.30883506187229,2.43742458803187,0.649071046472619
0.00062795445380549,0.000469737410890908,1.76530457681569,1.68531877040356,3.31555846558766
0.00150453027156087,0.000752160454038605,2.34837556973853,1.8201750639604,1.35790751027304
0.00155480171743942,0.00152786219550389,2.42518243045923,2.42635332595145,1.08253575314017
0.000507727094516293,0.00114350198659804,1.81588615306566,2.6078881905379,2.92608722120197
0.00107690203230014,0.00109118246546642,2.38393031553231,2.88501522553248,3.90089844340392
0.000619733021411226,3.16856196571622e-05,2.04185805559753,1.2159821573806,6.68052847885822
0.00115524337644426,0.000280063895024661,1.98081020925503,1.59357931447681,2.71416110410367
0.00114571568732661,0.00155198204821221,2.08344567314457,2.37053852563314,0.371805672021896
0.00123482454164446,0.0012970854658633,2.25242394606396,2.83867779617361,3.13898120927497
0.00157022828188872,0.00103176747330202,2.40104341631918,1.93580995128091,1.08806405413089
0.000657177201530801,3.65816538494722e-05,2.12857559263167,1.22905043234945,6.44583195153641
0.000101707550864046,0.00096764398958261,1.55285731626232,2.32716040437771,4.52891591238032
0.000768994765456429,0.00134551429893642,1.9350846483438,2.1525875893062,0.614162168737039
0.00101448022158739,0.00100947091286329,2.55080204822317,2.73803038301971,3.58568813286767
0.00156528463764501,0.00152150049117223,2.43984588225732,2.39878508442215,1.08024977499846
0.00101304278908218,0.0010404792816809,2.27922024729392,2.95701542048881,4.38023321112313
0.00121475690468683,0.000789901879792247,2.03663496050395,1.89756928291368,0.717209073461751
0.00136936665506814,0.0010122457839304,2.55008949195468,1.89458814234967,2.3248179198143
0.000108684322669987,0.000883441081317908,1.52858870333927,2.06136380692422,4.59060285641335
0.000647419151354294,0.00139282191192385,1.87669518751812,2.50681871229885,1.86321069939253
6.90169242694999e-05,0.000859564007460871,1.49799769763294,2.26325142678304,5.16456852512642
0.00149894931580494,0.000667519819429753,2.19370840580457,1.83443099165387,0.866653958258623
0.00158437984515608,0.00110938091116585,2.42132718180392,1.96712250028751,1.09088587980599
0.00160060107514846,0.00115450303747818,2.34340223027296,2.02833523000218,0.528740356474634
0.00115633466090613,0.00111947759725712,2.70019383801993,2.41067556867007,3.35356130707146
0.000553823722569296,0.00144100860250944,1.84717267527198,2.41488925639178,1.66661383787316
0.000921761152041924,0.000955767942554405,1.93674644166561,1.94857836056242,0.918009422244946
0.00158545238501365,0.00135526338435255,2.53732729056029,2.09717252312334,1.5855308571702
0.00114378526836127,0.00114373803852528,2.50044836621089,2.72167244440787,3.10134083046633
0.000821708431515675,0.00079693427561155,2.86594003624504,2.3016104098365,5.38581764735842
0.000829634969978135,0.000361386625612293,1.8413846548005,1.62728343105784,3.15282238694551
0.00127446968291131,0.00126373490904945,2.52301223584079,2.59505008504027,2.44124518059318
0.00102857500253393,0.00106184998231305,2.25997303795567,2.95030011794617,4.28321149737006
0.000223077586074148,0.00118675820436031,1.67106272317497,2.38983769785349,3.23814468340746
0.000886932486540229,0.000901756438604444,2.30566556278995,3.01341847301247,5.0696209412588
0.000928452542374157,0.000108205125492936,2.23616509580868,1.38218950110229,4.67296944848778
0.000755564722302491,0.000759269907587457,2.3794894826299,3.05212132102893,5.7371552015032
0.000167422502057823,0.00104364730378529,1.59715579690821,2.07873638646728,3.65873401491758
0.00105734855261641,0.0015617889954883,2.03118559462155,2.48976750109311,0.970050018055873
0.000827037019219337,6.07316081151148e-05,2.12291579510751,1.30839439340588,5.41170734297552
0.00057774669818672,0.000564635181381937,1.75028881914932,1.73589605553898,3.131581227229
0.00105620959174642,0.000114186779967763,2.12200050001477,1.41671008565686,4.14804882352377
0.000136199584625608,0.000794023155606986,1.53808146401209,1.96436567218101,4.60798932977041
0.00110437853263547,0.00112944478511251,2.32604108702134,2.90044610425869,3.87166720035354
0.000226807045158042,0.00069031468583601,1.59029583842206,1.84836937237632,4.28293985652523
0.00120631541989097,0.000309446312366797,1.99893151180796,1.61899260694881,2.45173886437462
0.000781807486510399,5.22143726963424e-05,2.09367070981434,1.28785740659775,5.67686882596018
0.00102968680738685,0.000980265345393784,2.8055817291983,2.18186345872692,4.4908965487555
0.0015574214432736,0.000914914868994175,2.28367848742006,1.9310154013243,0.619015498857489
0.0009836039171398,0.000970189875956483,2.63083964957344,2.64085915690866,3.62114806272731
0.000769691801307014,0.0010406948028195,1.94689179865984,2.8038590088885,3.55240166626281
0.00144279146560487,0.00154822667418006,2.26095331074293,2.66269856280694,1.72061258290505
0.00135313025348515,0.00142639241692554,2.27374968249275,2.75763157268603,2.45326726257495
0.00136235950612405,0.00135633314282562,2.48354931363597,2.57801361453934,2.07704846796283
0.000963067760727588,9.31544330515933e-05,2.15838636540527,1.3743587064058,4.63566048345371
0.00120595216500703,0.00114422751862023,2.7394563337946,2.23031978472882,3.58752049700058
0.000524093336090354,0.00139008164287798,1.83105603757406,2.45167503469041,1.94172423981167
0.00112299525366305,0.00107732403417234,2.75958934686942,2.28996883046369,3.87021350268523
0.000385898494943525,0.00138205886847012,1.76883077633068,2.19555775088346,1.80839568881534
0.00108749965355434,0.00154473466634205,2.06108095165684,2.36295402823891,0.404728816725996
0.000864200259183622,0.000823510212882212,2.85917137664175,2.12318285201775,5.3555201848725
0.000840818890876209,0.000780800738374149,2.83685950660981,1.99387478987851,5.35227804076564
0.000286486325686408,0.00107124419954907,1.70699710494047,2.52569909263834,3.4707807058859
0.00129004796589842,0.00123579677607202,2.6750213082015,2.3419744049175,2.92081144030389
0.00141244066959187,0.00149073920751955,2.21513679966999,2.29982219965577,0.121248775401448
0.000761967404809101,0.00151952550121391,1.93665561197338,2.35647749187091,0.891611890479241
0.000724977919872396,0.00116119271920204,1.88784228661557,2.03312379580857,0.987967666504845
0.000718604813729919,0.000683240774987773,2.89883382897642,2.05250805467685,6.14366307040086
0.000382481390970712,0.00110053864659998,1.7585231669101,2.569024171356,3.19805663597859
0.00091984064184375,0.000187151185816062,2.35130827294522,1.45277900502505,4.31998429022038
0.00111076582309841,0.00154372950966118,2.07067689055829,2.36045136998384,0.373127839902664
0.00137062625644838,0.00141829048300207,2.33467662058458,2.72694949131477,2.34654301513703
0.00142491351823186,0.00106945825337884,2.19354557353418,2.04060014392529,0.146447544356396
0.000659440795617812,0.000704167293146515,1.7945917123032,1.80494388273006,2.39316335486398
0.00162101806648002,0.00137884028277027,2.50251907647973,2.1141422268933,1.2857334008165
0.00109788593996418,0.000958842506533611,2.7179047851849,1.94667554939473,3.88995055874994
0.00133309837914243,0.00137625706256113,2.33582654853673,2.75600770367106,2.5789509323224
0.00109737703549454,0.00116971732394131,2.18468200364553,2.89797395028054,3.7119580049498
0.00080020947190813,7.59915850863487e-05,1.96214315274297,1.34609658331401,5.23640276299137
0.00125341833949354,0.000653647999434962,2.03129985141568,1.82912719789038,1.02900791953723
0.00130739185496645,0.0010829924978161,2.13501079497238,2.05313772815751,0.120892441704609
0.00141567428558082,0.00133170607372386,2.64358248044265,2.26504731710753,2.49414692894077
0.00113051028633838,0.0010863637968386,2.75093372432253,2.31166000049358,3.78045847359733
0.00074459068957589,0.000760472304992393,2.23954697393711,3.08412008081164,5.86968726955982
0.00129731094407463,0.00131220906266064,2.15548697415445,2.17896143029719,0.00251853447422389
0.00147657211635257,0.000759860935033936,2.37602622700487,1.81254210594625,1.5307270741316
0.00131327446978973,0.000329153988795494,2.05498600034275,1.63974553424818,2.15273623340025
0.00129488300167967,0.00126594770162908,2.57881769760278,2.50088666457037,2.43368723220671
0.000258700514244901,0.00121425498046098,1.69530331208909,2.40930653621039,3.04226031836351
